{
   "Apps": [
      "7zip.7zip",
      "Adobe.Acrobat.Reader.64-bit",
      "Canonical.Ubuntu",
      "Cisco AnyConnect Secure Mobility Client",
      "Cisco.CiscoWebexMeetings",
      "Famatech.AdvancedIPScanner",
      "Git.Git",
      "GitHub.cli",
      "GitHub.GitHubDesktop",
      "Google.Chrome",
      "Greenshot.Greenshot",
      "Insecure.Nmap",
      "AntibodySoftware.WizTree",
      "Microsoft.AzureCLI",
      "Microsoft.DeploymentToolkit",
      "Microsoft.dotnetRuntime",
      "Microsoft.dotnetRuntime.5",
      "Microsoft.EdgeWebView2Runtime",
      "Microsoft.Office",
      "Microsoft.OneDrive",
      "Microsoft.Powershell",
      "Microsoft.PowerToys",
      "Microsoft.RemoteDesktopClient",
      "Devolutions.RemoteDesktopManager",
      "Microsoft.WindowsAdminCenter",
      "Microsoft.WindowsTerminal",
      "Microsoft.Teams",
      "JanDeDobbeleer.OhMyPosh",
      "Mozilla.FireFox",
      "mRemoteNG.mRemoteNG",
      "Notepad++.Notepad++",
      "OpenJS.NodeJS",
      "Obsidian.Obsidian",
      "Ookla.Speedtest",
      "PuTTY.PuTTY",
      "Python.Python.3",
      "Rufus.Rufus",
      "RevoUninstaller.RevoUninstaller",
      "TimKosse.FileZilla.Client",
      "WinSCP.WinSCP",
      "VideoLAN.VLC"
   ],
   "Features": [
      "Containers-DisposableClientVM",
      "Microsoft-Windows-Subsystem-Linux",
      "TelnetClient",
      "TFTP"
   ],
   "FilesToClean": [
      "*.lnk",
      "desktop.ini"
   ],
   "MicrosftVCRuntime": [
      "Microsoft.VC++2008Redist-x86",
      "Microsoft.VC++2008Redist-x64",
      "Microsoft.VC++2010Redist-x64",
      "Microsoft.VC++2010Redist-x86",
      "Microsoft.VC++2012Redist-x64",
      "Microsoft.VC++2012Redist-x86",
      "Microsoft.VC++2013Redist-x64",
      "Microsoft.VC++2013Redist-x86"
   ],
   "ProcessesToKill": [
      "advanced_ip_scanner",
      "PowerToys.Settings",
      "PtSrv",
      "PtSrv"
   ],
   "PowerShellCommands": [
      "Update-Help -Confirm:$False -Force:$True -ErrorAction:SilentlyContinue"
   ],
   "PowerShellModules": [
      "ADEssentials",
      "AIPService",
      "Az",
      "Azure.AnalysisServices",
      "AzureAD",
      "AzureADPreview",
      "AzureRM",
      "AZViz",
      "CredentialManager",
      "DSInternals",
      "ExchangeOnlineManagement",
      "GPOZaurr",
      "ImportExcel",
      "IntuneBackupAndRestore",
      "IntuneDocumentation",
      "IntuneWin32App",
      "M365Documentation",
      "Microsoft.Graph",
      "Microsoft.Online.SharePoint.PowerShell",
      "Microsoft.PowerApps.Administration.Powershell",
      "Microsoft.PowerShell.Crescendo",
      "Microsoft.PowerShell.SecretManagement",
      "Microsoft.PowerShell.SecretStore",
      "Microsoft.RDInfra.RDPowershell",
      "MicrosoftTeams",
      "MSAL.PS",
      "MSCommerce",
      "MSGraph",
      "MSGraphFunctions",
      "MSOnline",
      "oh-my-posh",
      "Optimized.MGA",
      "ORCA",
      "PackageManagement",
      "Pester",
      "PnP.PowerShell",
      "Posh-Git",
      "PowerShellGet",
      "Powershell-yaml",
      "PSDiagnostics",
      "PSEventViewer",
      "PSFramework",
      "PSGraph",
      "PSParseHTML",
      "PSReadLine",
      "PSScriptAnalyzer",
      "PSSharedGoods",
      "PSSlack",
      "PSSQLite",
      "PSWinDocumentation",
      "PSWinDocumentation.AD",
      "PSWinDocumentation.AWS",
      "PSWinDocumentation.DNS",
      "PSWinDocumentation.O365",
      "PSWindowsUpdate",
      "PSWinReportingV2",
      "PSWord",
      "PSWriteColor",
      "PSWriteExcel",
      "PSWriteHTML",
      "PSWriteWord",
      "PSWSMan",
      "SharePointPnPPowerShellOnline",
      "SQLServer",
      "Testimo",
      "Terminal-Icons",
      "VMware.CloudServices",
      "VMware.DeployAutomation",
      "VMware.ImageBuilder",
      "VMware.PowerCLI",
      "VMware.Sdk.Runtime",
      "VMware.Sdk.vSphere",
      "VMware.Vim",
      "VMware.VumAutomation",
      "WindowsAutoPilotIntune",
      "WindowsConsoleFonts"
   ],
   "PowerShellProfile": [
      "Import-Module Posh-Git",
      "Set-PSReadlineKeyHandler -Key Tab -Function Complete",
      "Set-PSReadLineOption -PredictionSource History",
      "[Net.ServicePointManager]::SecurityProtocol = [Net.SecurityProtocolType]::Tls12"
   ],
   "RSATTools": [
      "Rsat.ActiveDirectory.DS-LDS.Tools~~~~0.0.1.0",
      "Rsat.BitLocker.Recovery.Tools~~~~0.0.1.0",
      "Rsat.CertificateServices.Tools~~~~0.0.1.0",
      "Rsat.DHCP.Tools~~~~0.0.1.0",
      "Rsat.Dns.Tools~~~~0.0.1.0",
      "Rsat.FileServices.Tools~~~~0.0.1.0",
      "Rsat.GroupPolicy.Management.Tools~~~~0.0.1.0",
      "Rsat.IPAM.Client.Tools~~~~0.0.1.0",
      "Rsat.LLDP.Tools~~~~0.0.1.0",
      "Rsat.NetworkController.Tools~~~~0.0.1.0",
      "Rsat.RemoteAccess.Management.Tools~~~~0.0.1.0",
      "Rsat.RemoteDesktop.Services.Tools~~~~0.0.1.0",
      "Rsat.ServerManager.Tools~~~~0.0.1.0",
      "Rsat.SystemInsights.Management.Tools~~~~0.0.1.0",
      "Rsat.VolumeActivation.Tools~~~~0.0.1.0",
      "Rsat.WSUS.Tools~~~~0.0.1.0"
   ]
}